,mcc,accuracy,roc
EEM.xlsx,0.0213896667443451,0.5135399218313792,0.5098890487648281
FXI.xlsx,0.04813864936927244,0.5232276950490008,0.5212338945898413
GLD.xlsx,0.07397921532475725,0.5383054287163875,0.5317714524285369
IWM.xlsx,0.03479613226094924,0.5384537543007488,0.5060839948612748
QQQ.xlsx,0.00266389325864807,0.5345190284949322,0.5001407732365821
SPX.xlsx,0.09609878536797506,0.5535646568069776,0.54514428192844
USO.xlsx,0.04363125398713402,0.5211310895958198,0.521622548625085
VXX.xlsx,-0.005768460754898348,0.5999163004812722,0.49964157706093193
XLF.xlsx,0.05091643630819807,0.5221723966118585,0.5234675408244842
XLK.xlsx,0.04491405793917963,0.5360332294911734,0.5192262366057955
XLV.xlsx,0.07403891175235837,0.5396308360477742,0.5258682118917648
