,mcc,accuracy,roc
EEM.xlsx,0.00421286120400124,0.515214963707426,0.5021689988037413
FXI.xlsx,0.017170310476540974,0.5145729922362224,0.5068677163512945
GLD.xlsx,0.023711137281668886,0.5178420429561982,0.5082555299124301
IWM.xlsx,-0.02615548226782848,0.5186197126087837,0.49287636984929617
QQQ.xlsx,0.01831667916578775,0.5300248613501626,0.5027429675058644
SPX.xlsx,0.006562086003676149,0.5240803943875616,0.4995033450429728
USO.xlsx,0.019542180251193284,0.508375595512525,0.5095133413025993
VXX.xlsx,-0.0039654895644193255,0.591755597405315,0.49982474588152825
XLF.xlsx,0.006298160954876813,0.5014449427005481,0.5023017743062863
XLK.xlsx,0.03717877726361063,0.5380062305295951,0.5099627674077873
XLV.xlsx,0.023673924382578884,0.5193630112196888,0.5106188720599582
