,mcc,accuracy,roc
EEM.xlsx,-0.01579680895786053,0.5174483528754885,0.49593872977507897
FXI.xlsx,0.015081748507155981,0.5113911162021127,0.505802420135461
GLD.xlsx,0.0489112091985354,0.5100625739895146,0.5118628209866779
IWM.xlsx,-0.0001668600128904679,0.5289415098158268,0.4997872333667227
QQQ.xlsx,0.00529596562735313,0.5331803404092561,0.502977820366427
SPX.xlsx,-0.012128014709570088,0.5245544178991277,0.49931036410083723
USO.xlsx,0.007853351019067546,0.5025357307514984,0.5039449677610732
VXX.xlsx,-0.004251360704719947,0.5940573341703285,0.49981419546636935
XLF.xlsx,-0.01585570000674835,0.5020428500249128,0.4937218270088992
XLK.xlsx,0.0003664490760937937,0.5232606438213916,0.5003997536746024
XLV.xlsx,0.010753689459522658,0.5155024731571962,0.5030430475777199
