,mcc,accuracy,roc
EEM.xlsx,0.13685437607301837,0.5725851479620323,0.5675823514487268
FXI.xlsx,0.1590512362744411,0.579992363497518,0.5775700964922997
GLD.xlsx,0.17154882163088728,0.5858278369693894,0.5817028488065572
IWM.xlsx,0.11064248380066805,0.5639546650475613,0.5522813866039822
QQQ.xlsx,0.07029513777826937,0.5501051826353032,0.5261409977764269
SPX.xlsx,0.12269969683893016,0.5653204398938186,0.556397160398305
USO.xlsx,0.13397597010647339,0.5656984785615491,0.566715293591074
VXX.xlsx,0.0,0.5930110901862314,0.5
XLF.xlsx,0.13293148618582987,0.5668161434977579,0.5663217939966063
XLK.xlsx,0.03370587709581812,0.5298026998961578,0.5137600443347609
XLV.xlsx,0.0632947253867022,0.5374592833876222,0.525929686268279
