,mcc,accuracy,roc
EEM.xlsx,0.00032187641408155634,0.5185650474595198,0.5000666083125102
FXI.xlsx,0.035822712164765146,0.5163548428153238,0.5181378166969309
GLD.xlsx,0.0069842542354841,0.5154743784880771,0.5021472088624124
IWM.xlsx,-0.029054554163379098,0.5302570329892734,0.4950456110822844
QQQ.xlsx,0.021333772712567894,0.5376745075540257,0.5052496526791019
SPX.xlsx,0.006146485420731215,0.5176336746302617,0.500715665334641
USO.xlsx,0.0038370890952364486,0.49608114338404796,0.5009630795171387
VXX.xlsx,0.01461187086849732,0.5959405733417034,0.500698272849056
XLF.xlsx,-0.0015562784079690218,0.4995515695067264,0.49973870680303034
XLK.xlsx,0.026213014986585195,0.5296988577362409,0.5060871315625377
XLV.xlsx,0.019907499151312638,0.5227409820243696,0.5069391328513917
