,mcc,accuracy,roc
EEM.xlsx,0.010223246572706651,0.5057257814917983,0.5051159768766691
FXI.xlsx,0.008989875482839535,0.5041782729805013,0.5044730786569517
GLD.xlsx,0.03430880304358149,0.5162488393686164,0.517084235978288
IWM.xlsx,-0.06501250246023313,0.4769421231816775,0.46758277785057767
QQQ.xlsx,-0.048121074625255174,0.48901268956979266,0.47661790630124173
SPX.xlsx,0.006164694059737395,0.5103683070256886,0.5028264309091024
USO.xlsx,-0.0056538321278495896,0.4952027236149799,0.4972977370201185
VXX.xlsx,0.01104576164512458,0.5369854534199937,0.5052520282360544
XLF.xlsx,-0.034064536610740284,0.4856081708449396,0.4831120332695595
XLK.xlsx,0.02125734961182565,0.5224388734138038,0.5107375649336912
XLV.xlsx,-0.046126321895543734,0.48467966573816157,0.4773562131811565
