,mcc,accuracy,roc
EEM.xlsx,0.07730761254429785,0.5391519653358094,0.5386224853046205
FXI.xlsx,0.046812795452210745,0.5230578768183225,0.5233745222368519
GLD.xlsx,-0.012261081336759794,0.4930362116991643,0.4938523025854776
IWM.xlsx,0.023296472588439074,0.5177963478799135,0.5115159547950076
QQQ.xlsx,-0.02724967309737383,0.5023212627669451,0.4867403291944988
SPX.xlsx,0.025034976911384968,0.5187248529866915,0.5125154639253223
USO.xlsx,-0.01281698025987655,0.49365521510368304,0.4936258883585843
VXX.xlsx,0.016215946671140527,0.5391519653358093,0.5073708450198166
XLF.xlsx,0.034374832981866416,0.5193438563912101,0.5171663544604169
XLK.xlsx,0.008966290744816332,0.5193438563912102,0.5041434924121084
XLV.xlsx,0.028119441222106616,0.5193438563912102,0.513728899573733
