,mcc,accuracy,roc
EEM.xlsx,0.03421787510066637,0.5168678427731352,0.5170156893986448
FXI.xlsx,0.01487363368296047,0.5060352831940576,0.5073886760732559
GLD.xlsx,-0.004867067607560861,0.49675023212627667,0.49752881027603707
IWM.xlsx,-0.01700598030677903,0.49984524914887035,0.491775919262622
QQQ.xlsx,-0.010526895369590847,0.5106778087279481,0.49482487178316753
SPX.xlsx,-0.01913875690159003,0.49489322191272045,0.4904410712638209
USO.xlsx,0.016273792279476305,0.5063447848963168,0.5081295044284433
VXX.xlsx,0.005102417851212027,0.5270813989476942,0.5027937874880167
XLF.xlsx,-0.0026167245340466766,0.5020117610646858,0.49868820768124383
XLK.xlsx,-0.003686069651506796,0.5131538223460228,0.49827033005028565
XLV.xlsx,-0.0023337880194057876,0.5057257814917981,0.49885426995036425
