,mcc,accuracy,roc
EEM.xlsx,0.012917303254574512,0.506344784896317,0.5064871988560393
FXI.xlsx,0.06206362974307806,0.5307954193748066,0.5310597847397981
GLD.xlsx,-0.001310475633031635,0.49860724233983283,0.4993471273683176
IWM.xlsx,0.0419520643111584,0.530485917672547,0.5205058485585702
QQQ.xlsx,-0.013951666658144192,0.5066542865985763,0.49337143255580557
SPX.xlsx,-0.0011549775158269993,0.5082017951098731,0.4993657754597894
USO.xlsx,-0.00045558049387158113,0.4989167440420922,0.4997537367630135
VXX.xlsx,0.013577455686570736,0.5351284432064376,0.506533663268685
XLF.xlsx,0.015092791204688748,0.5088207985143919,0.5074243880962244
XLK.xlsx,0.02819390265279064,0.5233673785205819,0.5140604467708728
XLV.xlsx,0.023656435160458112,0.5171773444753947,0.5118365759566377
