,mcc,accuracy,roc
EEM.xlsx,0.009550044511506364,0.5044877746827607,0.5046485955917315
FXI.xlsx,-0.04416290598882551,0.47725162488393685,0.477901197135955
GLD.xlsx,0.01890669010841245,0.5085112968121324,0.5093964727616895
IWM.xlsx,-0.04318367652428018,0.489322191272052,0.47876100390052606
QQQ.xlsx,-0.004780629634189448,0.5177963478799134,0.49770775397642425
SPX.xlsx,-0.01536776394103078,0.49798823893531413,0.4922680219736637
USO.xlsx,0.026634687905539044,0.5134633240482823,0.5133033470226553
VXX.xlsx,0.005243182611900022,0.532033426183844,0.5025065229531814
XLF.xlsx,-0.027327090557057905,0.4877746827607552,0.4864912215208927
XLK.xlsx,0.014424437740899295,0.5199628597957288,0.5072229863261621
XLV.xlsx,-0.05320458997044215,0.4840606623336428,0.4736101865191304
