,mcc,accuracy,roc
putcall target,0.13685437607301837,0.5725851479620323,0.5675823514487268
putcall target 2,0.0213896667443451,0.5135399218313792,0.5098890487648281
putcall target 3,0.00032187641408155634,0.5185650474595198,0.5000666083125102
putcall target 4,0.00421286120400124,0.515214963707426,0.5021689988037413
putcall target 5,-0.01579680895786053,0.5174483528754885,0.49593872977507897
reddit target,0.010223246572706651,0.5057257814917983,0.5051159768766691
reddit target 2,0.07730761254429785,0.5391519653358094,0.5386224853046205
reddit target 3,0.012917303254574512,0.506344784896317,0.5064871988560393
reddit target 4,0.03421787510066637,0.5168678427731352,0.5170156893986448
reddit target 5,0.009550044511506364,0.5044877746827607,0.5046485955917315
