,mcc,accuracy,roc
putcall target,0.1590512362744411,0.579992363497518,0.5775700964922997
putcall target 2,0.04813864936927244,0.5232276950490008,0.5212338945898413
putcall target 3,0.035822712164765146,0.5163548428153238,0.5181378166969309
putcall target 4,0.017170310476540974,0.5145729922362224,0.5068677163512945
putcall target 5,0.015081748507155981,0.5113911162021127,0.505802420135461
reddit target,0.008989875482839535,0.5041782729805013,0.5044730786569517
reddit target 2,0.046812795452210745,0.5230578768183225,0.5233745222368519
reddit target 3,0.06206362974307806,0.5307954193748066,0.5310597847397981
reddit target 4,0.01487363368296047,0.5060352831940576,0.5073886760732559
reddit target 5,-0.04416290598882551,0.47725162488393685,0.477901197135955
