,mcc,accuracy,roc
putcall target,0.17154882163088728,0.5858278369693894,0.5817028488065572
putcall target 2,0.07397921532475725,0.5383054287163875,0.5317714524285369
putcall target 3,0.0069842542354841,0.5154743784880771,0.5021472088624124
putcall target 4,0.023711137281668886,0.5178420429561982,0.5082555299124301
putcall target 5,0.0489112091985354,0.5100625739895146,0.5118628209866779
reddit target,0.03430880304358149,0.5162488393686164,0.517084235978288
reddit target 2,-0.012261081336759794,0.4930362116991643,0.4938523025854776
reddit target 3,-0.001310475633031635,0.49860724233983283,0.4993471273683176
reddit target 4,-0.004867067607560861,0.49675023212627667,0.49752881027603707
reddit target 5,0.01890669010841245,0.5085112968121324,0.5093964727616895
