,mcc,accuracy,roc
putcall target,0.11064248380066805,0.5639546650475613,0.5522813866039822
putcall target 2,0.03479613226094924,0.5384537543007488,0.5060839948612748
putcall target 3,-0.029054554163379098,0.5302570329892734,0.4950456110822844
putcall target 4,-0.02615548226782848,0.5186197126087837,0.49287636984929617
putcall target 5,-0.0001668600128904679,0.5289415098158268,0.4997872333667227
reddit target,-0.06501250246023313,0.4769421231816775,0.46758277785057767
reddit target 2,0.023296472588439074,0.5177963478799135,0.5115159547950076
reddit target 3,0.0419520643111584,0.530485917672547,0.5205058485585702
reddit target 4,-0.01700598030677903,0.49984524914887035,0.491775919262622
reddit target 5,-0.04318367652428018,0.489322191272052,0.47876100390052606
