,mcc,accuracy,roc
putcall target,0.07029513777826937,0.5501051826353032,0.5261409977764269
putcall target 2,0.00266389325864807,0.5345190284949322,0.5001407732365821
putcall target 3,0.021333772712567894,0.5376745075540257,0.5052496526791019
putcall target 4,0.01831667916578775,0.5300248613501626,0.5027429675058644
putcall target 5,0.00529596562735313,0.5331803404092561,0.502977820366427
reddit target,-0.048121074625255174,0.48901268956979266,0.47661790630124173
reddit target 2,-0.02724967309737383,0.5023212627669451,0.4867403291944988
reddit target 3,-0.013951666658144192,0.5066542865985763,0.49337143255580557
reddit target 4,-0.010526895369590847,0.5106778087279481,0.49482487178316753
reddit target 5,-0.004780629634189448,0.5177963478799134,0.49770775397642425
