,mcc,accuracy,roc
putcall target,0.12269969683893016,0.5653204398938186,0.556397160398305
putcall target 2,0.09609878536797506,0.5535646568069776,0.54514428192844
putcall target 3,0.006146485420731215,0.5176336746302617,0.500715665334641
putcall target 4,0.006562086003676149,0.5240803943875616,0.4995033450429728
putcall target 5,-0.012128014709570088,0.5245544178991277,0.49931036410083723
reddit target,0.006164694059737395,0.5103683070256886,0.5028264309091024
reddit target 2,0.025034976911384968,0.5187248529866915,0.5125154639253223
reddit target 3,-0.0011549775158269993,0.5082017951098731,0.4993657754597894
reddit target 4,-0.01913875690159003,0.49489322191272045,0.4904410712638209
reddit target 5,-0.01536776394103078,0.49798823893531413,0.4922680219736637
