,mcc,accuracy,roc
putcall target,0.13397597010647339,0.5656984785615491,0.566715293591074
putcall target 2,0.04363125398713402,0.5211310895958198,0.521622548625085
putcall target 3,0.0038370890952364486,0.49608114338404796,0.5009630795171387
putcall target 4,0.019542180251193284,0.508375595512525,0.5095133413025993
putcall target 5,0.007853351019067546,0.5025357307514984,0.5039449677610732
reddit target,-0.0056538321278495896,0.4952027236149799,0.4972977370201185
reddit target 2,-0.01281698025987655,0.49365521510368304,0.4936258883585843
reddit target 3,-0.00045558049387158113,0.4989167440420922,0.4997537367630135
reddit target 4,0.016273792279476305,0.5063447848963168,0.5081295044284433
reddit target 5,0.026634687905539044,0.5134633240482823,0.5133033470226553
