,mcc,accuracy,roc
putcall target,0.0,0.5930110901862314,0.5
putcall target 2,-0.005768460754898348,0.5999163004812722,0.49964157706093193
putcall target 3,0.01461187086849732,0.5959405733417034,0.500698272849056
putcall target 4,-0.0039654895644193255,0.591755597405315,0.49982474588152825
putcall target 5,-0.004251360704719947,0.5940573341703285,0.49981419546636935
reddit target,0.01104576164512458,0.5369854534199937,0.5052520282360544
reddit target 2,0.016215946671140527,0.5391519653358093,0.5073708450198166
reddit target 3,0.013577455686570736,0.5351284432064376,0.506533663268685
reddit target 4,0.005102417851212027,0.5270813989476942,0.5027937874880167
reddit target 5,0.005243182611900022,0.532033426183844,0.5025065229531814
