,mcc,accuracy,roc
putcall target,0.13293148618582987,0.5668161434977579,0.5663217939966063
putcall target 2,0.05091643630819807,0.5221723966118585,0.5234675408244842
putcall target 3,-0.0015562784079690218,0.4995515695067264,0.49973870680303034
putcall target 4,0.006298160954876813,0.5014449427005481,0.5023017743062863
putcall target 5,-0.01585570000674835,0.5020428500249128,0.4937218270088992
reddit target,-0.034064536610740284,0.4856081708449396,0.4831120332695595
reddit target 2,0.034374832981866416,0.5193438563912101,0.5171663544604169
reddit target 3,0.015092791204688748,0.5088207985143919,0.5074243880962244
reddit target 4,-0.0026167245340466766,0.5020117610646858,0.49868820768124383
reddit target 5,-0.027327090557057905,0.4877746827607552,0.4864912215208927
