,mcc,accuracy,roc
putcall target,0.03370587709581812,0.5298026998961578,0.5137600443347609
putcall target 2,0.04491405793917963,0.5360332294911734,0.5192262366057955
putcall target 3,0.026213014986585195,0.5296988577362409,0.5060871315625377
putcall target 4,0.03717877726361063,0.5380062305295951,0.5099627674077873
putcall target 5,0.0003664490760937937,0.5232606438213916,0.5003997536746024
reddit target,0.02125734961182565,0.5224388734138038,0.5107375649336912
reddit target 2,0.008966290744816332,0.5193438563912102,0.5041434924121084
reddit target 3,0.02819390265279064,0.5233673785205819,0.5140604467708728
reddit target 4,-0.003686069651506796,0.5131538223460228,0.49827033005028565
reddit target 5,0.014424437740899295,0.5199628597957288,0.5072229863261621
