,mcc,accuracy,roc
putcall target,0.0632947253867022,0.5374592833876222,0.525929686268279
putcall target 2,0.07403891175235837,0.5396308360477742,0.5258682118917648
putcall target 3,0.019907499151312638,0.5227409820243696,0.5069391328513917
putcall target 4,0.023673924382578884,0.5193630112196888,0.5106188720599582
putcall target 5,0.010753689459522658,0.5155024731571962,0.5030430475777199
reddit target,-0.046126321895543734,0.48467966573816157,0.4773562131811565
reddit target 2,0.028119441222106616,0.5193438563912102,0.513728899573733
reddit target 3,0.023656435160458112,0.5171773444753947,0.5118365759566377
reddit target 4,-0.0023337880194057876,0.5057257814917981,0.49885426995036425
reddit target 5,-0.05320458997044215,0.4840606623336428,0.4736101865191304
