,putcall target,putcall target 2,putcall target 3,putcall target 4,putcall target 5,average mcc
EEM.xlsx,0.0892473009,0.0349324782,0.019170865,0.019170865,-0.0011592939,0.032272443
FXI.xlsx,0.0350917599,-0.1147189339,-0.0350038568,-0.0596584401,-0.0619583544,-0.047249565
GLD.xlsx,0.1287746567,-0.0087394545,0.0744102126,0.1185581726,-0.0528798169,0.0520247541
IWM.xlsx,0.0328249278,0.0403040253,0.0529202269,0.0186777272,-0.0768685018,0.0135716811
QQQ.xlsx,-0.0201397185,-0.0201397185,0.0742176527,-0.0437290613,-0.0555237326,-0.0130629156
SPX.xlsx,0.0423548403,-0.0984781668,0.0686554563,0.0256541088,0.0514549173,0.0179282312
USO.xlsx,0.0937442923,-0.004610375,0.039114894,0.0007182753,-0.0155968359,0.0226740501
VXX.xlsx,-0.0544319125,-0.1168228226,-0.0306366277,0.1473343276,-0.0236505616,-0.0156415194
XLF.xlsx,0.0274307391,-0.027800042,-0.0270619878,0.0266937659,0.028540392,0.0055605734
XLK.xlsx,0.0547189594,0.0333250805,0.028469556,0.0219919126,-0.0050084576,0.0266994102
XLV.xlsx,0.0370130826,0.0655262923,-0.0277564008,-0.0359515569,0.0063436148,0.0090350064
,0.0424208116,-0.0197474215,0.0214999991,0.0217690997,-0.0187551482,
