,reddit target,reddit target 2,reddit target 3,reddit target 4,reddit target 5,average mcc
EEM.xlsx,0.005473849,0.0117393859,0.0528353643,-0.0517947642,0.1032714217,0.0243050513
FXI.xlsx,0.0415481802,0.0985031501,-0.0697749896,-0.112583484,-0.0590400356,-0.0202694358
GLD.xlsx,0.0706904959,0.0945275943,0.0015461935,-0.1662483601,0.0081882547,0.0017408357
IWM.xlsx,0.1004621961,-0.001242236,-0.0613694241,0.0444965929,0.0648086072,0.0294311472
QQQ.xlsx,0.0348268716,-0.0129261122,0.0143992996,-0.0390866642,-0.0189493856,-0.0043471982
SPX.xlsx,0.1079332302,0.0225080903,0.097535058,0.0866763578,0.27121252,0.1171730513
USO.xlsx,0.0216028691,0.0403773442,0,-0.1362229102,0.1349362753,0.0121387157
VXX.xlsx,-0.0209656967,-0.0661901337,0.0240864337,-0.1046189549,0.104197627,-0.0126981449
XLF.xlsx,-0.0908434903,-0.0430997116,-0.0188102563,0.0640434651,0.0143665705,-0.0148686845
XLK.xlsx,-0.1546250898,0.0039177439,0.0444310379,0.1085587814,-0.0065905103,-0.0008616074
XLV.xlsx,0.0003914326,0.0661437828,-0.031509157,-0.1016493788,-0.0918790048,-0.031700465
,0.0105904407,0.0194780816,0.0048517782,-0.0371299381,0.0476838491,0.0090948423
